Title,Index of Private Housing Rental Prices,,,,,,,,,,,,,,,,,,,,,,,,,,,,,,,,,,,,,,,,,,,,,,,,,,,,,,,,,,,,,,,,,,,,,,,,,,,,,,,,,,,,,,,,,,,,,,,,,,,,,,,,,,,,,,,,,,,,,,,,,,,,,,,,,,,,,,,,,,,,,,,,,,,,,,,,,,,,,,,,,,,,,,,,,,,,,,,,,,,,,,,,,,,,,,,,,,,,,,,,,,,,,,,,,,,,,,,,,,,,,,,,,,,,,,,,,,,,,,,,,,,,,,,,,,,,,,,,,,,,,,,,,,,,,,,,,,,,,,,,,,,,,,,,,,,,,,,,,,,,,,,,,,,,,,,,,,,,,,,,,,,,,,,,,,,,,,,,,,,,,,,,,,,,,,,,,,,,,,,,,,,,,,,,,,,,,,,,,,,,,,,,,,,,,,,,,,,,,,,,,,,,,,,,,,,,,,,,,,,,,,,,,,,,,,,,,,,,,,,,,,,,,,,,,,,,,,,,,
,,,,,,,,,,,,,,,,,,,,,,,,,,,,,,,,,,,,,,,,,,,,,,,,,,,,,,,,,,,,,,,,,,,,,,,,,,,,,,,,,,,,,,,,,,,,,,,,,,,,,,,,,,,,,,,,,,,,,,,,,,,,,,,,,,,,,,,,,,,,,,,,,,,,,,,,,,,,,,,,,,,,,,,,,,,,,,,,,,,,,,,,,,,,,,,,,,,,,,,,,,,,,,,,,,,,,,,,,,,,,,,,,,,,,,,,,,,,,,,,,,,,,,,,,,,,,,,,,,,,,,,,,,,,,,,,,,,,,,,,,,,,,,,,,,,,,,,,,,,,,,,,,,,,,,,,,,,,,,,,,,,,,,,,,,,,,,,,,,,,,,,,,,,,,,,,,,,,,,,,,,,,,,,,,,,,,,,,,,,,,,,,,,,,,,,,,,,,,,,,,,,,,,,,,,,,,,,,,,,,,,,,,,,,,,,,,,,,,,,,,,,,,,,,,,,,,,,,,,
Geography,Geography code,IndexAndYearChange,Jan-05,Data Marking (Jan-05),Feb-05,Data Marking (Feb-05),Mar-05,Data Marking (Mar-05),Apr-05,Data Marking (Apr-05),May-05,Data Marking (May-05),Jun-05,Data Marking (Jun-05),Jul-05,Data Marking (Jul-05),Aug-05,Data Marking (Aug-05),Sep-05,Data Marking (Sep-05),Oct-05,Data Marking (Oct-05),Nov-05,Data Marking (Nov-05),Dec-05,Data Marking (Dec-05),Jan-06,Data Marking (Jan-06),Feb-06,Data Marking (Feb-06),Mar-06,Data Marking (Mar-06),Apr-06,Data Marking (Apr-06),May-06,Data Marking (May-06),Jun-06,Data Marking (Jun-06),Jul-06,Data Marking (Jul-06),Aug-06,Data Marking (Aug-06),Sep-06,Data Marking (Sep-06),Oct-06,Data Marking (Oct-06),Nov-06,Data Marking (Nov-06),Dec-06,Data Marking (Dec-06),Jan-07,Data Marking (Jan-07),Feb-07,Data Marking (Feb-07),Mar-07,Data Marking (Mar-07),Apr-07,Data Marking (Apr-07),May-07,Data Marking (May-07),Jun-07,Data Marking (Jun-07),Jul-07,Data Marking (Jul-07),Aug-07,Data Marking (Aug-07),Sep-07,Data Marking (Sep-07),Oct-07,Data Marking (Oct-07),Nov-07,Data Marking (Nov-07),Dec-07,Data Marking (Dec-07),Jan-08,Data Marking (Jan-08),Feb-08,Data Marking (Feb-08),Mar-08,Data Marking (Mar-08),Apr-08,Data Marking (Apr-08),May-08,Data Marking (May-08),Jun-08,Data Marking (Jun-08),Jul-08,Data Marking (Jul-08),Aug-08,Data Marking (Aug-08),Sep-08,Data Marking (Sep-08),Oct-08,Data Marking (Oct-08),Nov-08,Data Marking (Nov-08),Dec-08,Data Marking (Dec-08),Jan-09,Data Marking (Jan-09),Feb-09,Data Marking (Feb-09),Mar-09,Data Marking (Mar-09),Apr-09,Data Marking (Apr-09),May-09,Data Marking (May-09),Jun-09,Data Marking (Jun-09),Jul-09,Data Marking (Jul-09),Aug-09,Data Marking (Aug-09),Sep-09,Data Marking (Sep-09),Oct-09,Data Marking (Oct-09),Nov-09,Data Marking (Nov-09),Dec-09,Data Marking (Dec-09),Jan-10,Data Marking (Jan-10),Feb-10,Data Marking (Feb-10),Mar-10,Data Marking (Mar-10),Apr-10,Data Marking (Apr-10),May-10,Data Marking (May-10),Jun-10,Data Marking (Jun-10),Jul-10,Data Marking (Jul-10),Aug-10,Data Marking (Aug-10),Sep-10,Data Marking (Sep-10),Oct-10,Data Marking (Oct-10),Nov-10,Data Marking (Nov-10),Dec-10,Data Marking (Dec-10),Jan-11,Data Marking (Jan-11),Feb-11,Data Marking (Feb-11),Mar-11,Data Marking (Mar-11),Apr-11,Data Marking (Apr-11),May-11,Data Marking (May-11),Jun-11,Data Marking (Jun-11),Jul-11,Data Marking (Jul-11),Aug-11,Data Marking (Aug-11),Sep-11,Data Marking (Sep-11),Oct-11,Data Marking (Oct-11),Nov-11,Data Marking (Nov-11),Dec-11,Data Marking (Dec-11),Jan-12,Data Marking (Jan-12),Feb-12,Data Marking (Feb-12),Mar-12,Data Marking (Mar-12),Apr-12,Data Marking (Apr-12),May-12,Data Marking (May-12),Jun-12,Data Marking (Jun-12),Jul-12,Data Marking (Jul-12),Aug-12,Data Marking (Aug-12),Sep-12,Data Marking (Sep-12),Oct-12,Data Marking (Oct-12),Nov-12,Data Marking (Nov-12),Dec-12,Data Marking (Dec-12),Jan-13,Data Marking (Jan-13),Feb-13,Data Marking (Feb-13),Mar-13,Data Marking (Mar-13),Apr-13,Data Marking (Apr-13),May-13,Data Marking (May-13),Jun-13,Data Marking (Jun-13),Jul-13,Data Marking (Jul-13),Aug-13,Data Marking (Aug-13),Sep-13,Data Marking (Sep-13),Oct-13,Data Marking (Oct-13),Nov-13,Data Marking (Nov-13),Dec-13,Data Marking (Dec-13),Jan-14,Data Marking (Jan-14),Feb-14,Data Marking (Feb-14),Mar-14,Data Marking (Mar-14),Apr-14,Data Marking (Apr-14),May-14,Data Marking (May-14),Jun-14,Data Marking (Jun-14),Jul-14,Data Marking (Jul-14),Aug-14,Data Marking (Aug-14),Sep-14,Data Marking (Sep-14),Oct-14,Data Marking (Oct-14),Nov-14,Data Marking (Nov-14),Dec-14,Data Marking (Dec-14),Jan-15,Data Marking (Jan-15),Feb-15,Data Marking (Feb-15),Mar-15,Data Marking (Mar-15),Apr-15,Data Marking (Apr-15),May-15,Data Marking (May-15),Jun-15,Data Marking (Jun-15),Jul-15,Data Marking (Jul-15),Aug-15,Data Marking (Aug-15),Sep-15,Data Marking (Sep-15),Oct-15,Data Marking (Oct-15),Nov-15,Data Marking (Nov-15),Dec-15,Data Marking (Dec-15),Jan-16,Data Marking (Jan-16),Feb-16,Data Marking (Feb-16),Mar-16,Data Marking (Mar-16),Apr-16,Data Marking (Apr-16),May-16,Data Marking (May-16),Jun-16,Data Marking (Jun-16),Jul-16,Data Marking (Jul-16),Aug-16,Data Marking (Aug-16),Sep-16,Data Marking (Sep-16),Oct-16,Data Marking (Oct-16),Nov-16,Data Marking (Nov-16),Dec-16,Data Marking (Dec-16),Jan-17,Data Marking (Jan-17),Feb-17,Data Marking (Feb-17),Mar-17,Data Marking (Mar-17),Apr-17,Data Marking (Apr-17),May-17,Data Marking (May-17),Jun-17,Data Marking (Jun-17),Jul-17,Data Marking (Jul-17),Aug-17,Data Marking (Aug-17),Sep-17,Data Marking (Sep-17),Oct-17,Data Marking (Oct-17),Nov-17,Data Marking (Nov-17),Dec-17,Data Marking (Dec-17),Jan-18,Data Marking (Jan-18),Feb-18,Data Marking (Feb-18),Mar-18,Data Marking (Mar-18),Apr-18,Data Marking (Apr-18),May-18,Data Marking (May-18),Jun-18,Data Marking (Jun-18),Jul-18,Data Marking (Jul-18),Aug-18,Data Marking (Aug-18),Sep-18,Data Marking (Sep-18),Oct-18,Data Marking (Oct-18),Nov-18,Data Marking (Nov-18),Dec-18,Data Marking (Dec-18),Jan-19,Data Marking (Jan-19),Feb-19,Data Marking (Feb-19),Mar-19,Data Marking (Mar-19),Apr-19,Data Marking (Apr-19),May-19,Data Marking (May-19),Jun-19,Data Marking (Jun-19),Jul-19,Data Marking (Jul-19),Aug-19,Data Marking (Aug-19),Sep-19,Data Marking (Sep-19),Oct-19,Data Marking (Oct-19),Nov-19,Data Marking (Nov-19),Dec-19,Data Marking (Dec-19),Jan-20,Data Marking (Jan-20),Feb-20,Data Marking (Feb-20),Mar-20,Data Marking (Mar-20),Apr-20,Data Marking (Apr-20),May-20,Data Marking (May-20),Jun-20,Data Marking (Jun-20),Jul-20,Data Marking (Jul-20),Aug-20,Data Marking (Aug-20),Sep-20,Data Marking (Sep-20),Oct-20,Data Marking (Oct-20),Nov-20,Data Marking (Nov-20),Dec-20,Data Marking (Dec-20),Jan-21,Data Marking (Jan-21),Feb-21,Data Marking (Feb-21),Mar-21,Data Marking (Mar-21),Apr-21,Data Marking (Apr-21),May-21,Data Marking (May-21),Jun-21,Data Marking (Jun-21),Jul-21,Data Marking (Jul-21),Aug-21,Data Marking (Aug-21),Sep-21,Data Marking (Sep-21),Oct-21,Data Marking (Oct-21),Nov-21,Data Marking (Nov-21),Dec-21,Data Marking (Dec-21),Jan-22,Data Marking (Jan-22),Feb-22,Data Marking (Feb-22),Mar-22,Data Marking (Mar-22),Apr-22,Data Marking (Apr-22),May-22,Data Marking (May-22),Jun-22,Data Marking (Jun-22),Jul-22,Data Marking (Jul-22),Aug-22,Data Marking (Aug-22),Sep-22,Data Marking (Sep-22),Oct-22,Data Marking (Oct-22),Nov-22,Data Marking (Nov-22),Dec-22,Data Marking (Dec-22),Jan-23,Data Marking (Jan-23),Feb-23,Data Marking (Feb-23),Mar-23,Data Marking (Mar-23),Apr-23,Data Marking (Apr-23),May-23,Data Marking (May-23),Jun-23,Data Marking (Jun-23),Jul-23,Data Marking (Jul-23),Aug-23,Data Marking (Aug-23),Sep-23,Data Marking (Sep-23),Oct-23,Data Marking (Oct-23),Nov-23,Data Marking (Nov-23),Dec-23,Data Marking (Dec-23)
East Midlands,E12000004,Index,88.0,,88.4,,88.4,,88.8,,89.3,,89.4,,89.6,,89.7,,89.8,,90.1,,90.2,,90.3,,90.8,,90.8,,90.9,,91.1,,91.3,,91.3,,91.4,,91.6,,91.9,,92.1,,92.3,,92.5,,92.5,,92.7,,92.7,,92.9,,93.2,,93.3,,93.7,,93.7,,93.8,,94.0,,94.1,,94.3,,94.5,,94.7,,94.9,,95.0,,95.2,,95.5,,95.6,,95.7,,95.7,,95.8,,95.9,,95.9,,95.9,,95.8,,95.8,,95.8,,95.8,,95.7,,95.6,,95.4,,95.4,,95.4,,95.2,,95.3,,95.1,,94.8,,94.8,,94.7,,94.6,,94.6,,94.6,,94.7,,94.6,,94.5,,94.7,,94.9,,95.0,,95.0,,95.0,,95.2,,95.2,,95.3,,95.4,,95.5,,95.6,,95.8,,95.9,,96.1,,96.4,,96.5,,96.5,,96.7,,96.9,,96.9,,97.1,,97.2,,97.3,,97.5,,97.5,,97.6,,97.8,,97.8,,97.7,,97.9,,97.9,,97.8,,98.0,,98.1,,98.3,,98.3,,98.6,,98.7,,98.8,,98.8,,99.0,,99.0,,99.1,,99.4,,99.2,,99.3,,99.3,,99.5,,99.7,,99.8,,100.0,,100.1,,100.1,,100.5,,100.7,,100.8,,101.0,,101.1,,101.4,,101.6,,101.9,,102.0,,102.3,,102.5,,102.8,,103.2,,103.1,,103.3,,103.4,,103.6,,103.7,,104.0,,104.5,,104.8,,105.2,,105.3,,105.4,,105.6,,105.7,,106.0,,106.3,,106.5,,106.7,,107.1,,107.3,,107.6,,107.8,,108.0,,108.3,,108.5,,108.7,,108.9,,109.2,,109.4,,109.9,,110.0,,110.2,,110.3,,110.5,,110.6,,110.8,,110.9,,111.0,,111.3,,111.4,,111.5,,111.7,,112.1,,112.5,,112.6,,112.9,,113.1,,113.3,,113.5,,113.7,,113.9,,114.0,,114.2,,114.6,,114.7,,115.0,,115.2,,115.4,,115.6,,115.7,,116.1,,116.5,,116.7,,116.9,,117.3,,117.7,,118.1,,118.6,,119.0,,119.6,,119.9,,120.2,,120.8,,121.3,,121.6,,122.0,,122.6,,123.3,,123.8,,124.6,,125.0,,125.5,,125.9,,126.2,,126.6,,127.2,,127.7,,128.2,,128.8,,129.7,,130.8,,131.6,,132.1,
East Midlands,E12000004,Year-on-year change,,.,,.,,.,,.,,.,,.,,.,,.,,.,,.,,.,,.,3.1,,2.7,,2.9,,2.6,,2.3,,2.1,,2.1,,2.1,,2.3,,2.2,,2.4,,2.3,,2.0,,2.1,,1.9,,2.0,,2.0,,2.2,,2.5,,2.2,,2.1,,2.1,,2.0,,2.0,,2.1,,2.2,,2.4,,2.3,,2.1,,2.3,,2.1,,2.2,,2.0,,1.9,,1.9,,1.7,,1.5,,1.2,,1.0,,0.8,,0.7,,0.2,,0.0,,-0.3,,-0.3,,-0.4,,-0.7,,-0.7,,-0.8,,-1.0,,-1.1,,-1.2,,-1.3,,-1.1,,-1.1,,-0.8,,-0.9,,-0.9,,-0.6,,-0.4,,-0.2,,0.1,,0.2,,0.5,,0.7,,0.7,,0.9,,0.9,,1.1,,1.3,,1.3,,1.2,,1.6,,1.6,,1.6,,1.6,,1.8,,1.7,,1.8,,1.7,,1.7,,1.8,,1.7,,1.6,,1.4,,1.3,,1.2,,1.2,,1.1,,1.0,,0.9,,1.0,,1.0,,0.8,,1.1,,1.1,,1.0,,1.0,,1.3,,1.2,,1.2,,1.6,,1.2,,1.1,,1.1,,1.2,,1.1,,1.1,,1.2,,1.3,,1.2,,1.5,,1.7,,1.4,,1.7,,1.9,,2.1,,2.1,,2.2,,2.2,,2.3,,2.4,,2.7,,2.6,,2.4,,2.4,,2.5,,2.4,,2.3,,2.4,,2.5,,2.7,,2.8,,2.8,,2.5,,2.3,,2.5,,2.6,,2.8,,2.8,,2.9,,2.9,,2.7,,2.6,,2.6,,2.5,,2.7,,2.8,,2.9,,2.8,,2.7,,2.8,,2.9,,2.7,,2.7,,2.5,,2.4,,2.4,,2.3,,2.1,,2.1,,2.1,,2.1,,1.9,,1.7,,1.9,,2.1,,2.1,,2.2,,2.2,,2.3,,2.4,,2.5,,2.3,,2.4,,2.4,,2.6,,2.4,,2.2,,2.4,,2.2,,2.2,,2.1,,2.3,,2.4,,2.4,,2.5,,2.7,,2.7,,2.9,,3.1,,3.3,,3.6,,3.8,,3.8,,4.0,,4.1,,4.3,,4.3,,4.5,,4.7,,4.8,,5.1,,5.0,,5.0,,4.9,,5.1,,4.9,,4.9,,5.0,,5.1,,5.1,,5.2,,5.7,,5.6,,5.6,
East of England,E12000006,Index,85.4,,85.5,,85.4,,85.7,,86.0,,86.3,,86.9,,87.2,,87.4,,87.7,,87.8,,88.2,,88.5,,88.6,,88.8,,88.9,,89.1,,89.3,,89.4,,89.6,,89.9,,89.9,,90.1,,90.2,,90.3,,90.5,,90.9,,91.2,,91.2,,91.3,,91.4,,91.6,,91.8,,92.2,,92.4,,92.6,,93.0,,93.0,,93.2,,93.5,,93.6,,93.8,,94.1,,94.3,,94.4,,94.6,,94.7,,94.8,,95.1,,95.2,,95.2,,95.2,,95.1,,95.0,,95.0,,94.8,,94.6,,94.5,,94.3,,94.1,,93.5,,93.4,,93.3,,93.3,,93.2,,93.4,,93.4,,93.4,,93.6,,93.7,,93.8,,94.1,,94.2,,94.5,,94.6,,94.7,,94.8,,94.9,,95.0,,95.2,,95.3,,95.5,,95.5,,95.8,,95.9,,96.1,,96.2,,96.4,,96.6,,96.6,,96.8,,96.9,,97.0,,97.0,,97.1,,97.2,,97.4,,97.4,,97.6,,97.6,,97.5,,97.6,,97.6,,97.8,,97.8,,97.8,,97.9,,98.0,,98.2,,98.3,,98.4,,98.5,,98.4,,98.6,,98.7,,98.8,,98.9,,99.0,,99.3,,99.7,,100.0,,100.1,,100.3,,100.6,,100.8,,101.2,,101.3,,101.4,,101.6,,101.9,,102.3,,102.5,,102.9,,103.2,,103.3,,103.6,,104.1,,104.2,,104.4,,104.7,,104.7,,105.2,,105.4,,105.5,,106.0,,106.0,,106.3,,106.4,,106.5,,106.7,,106.9,,106.9,,107.2,,107.4,,107.6,,107.8,,108.1,,108.2,,108.2,,108.4,,108.6,,108.7,,108.8,,109.0,,109.3,,109.3,,109.4,,109.5,,109.5,,109.6,,109.8,,109.8,,109.9,,110.1,,110.2,,110.4,,110.6,,110.7,,111.0,,111.1,,111.3,,111.4,,111.5,,111.7,,111.9,,111.9,,112.0,,112.1,,112.2,,112.4,,112.4,,112.7,,112.7,,112.9,,113.0,,113.2,,113.6,,113.8,,114.1,,114.4,,114.8,,115.4,,115.8,,116.2,,116.5,,116.8,,117.1,,117.4,,117.9,,118.4,,118.7,,119.0,,119.5,,120.0,,120.5,,121.0,,121.5,,121.9,,122.4,,122.8,,123.4,,123.9,,124.6,,125.1,,125.8,,126.5,,127.1,,127.6,
East of England,E12000006,Year-on-year change,,.,,.,,.,,.,,.,,.,,.,,.,,.,,.,,.,,.,3.7,,3.7,,4.0,,3.8,,3.6,,3.4,,2.9,,2.8,,2.8,,2.6,,2.6,,2.3,,2.1,,2.1,,2.3,,2.5,,2.4,,2.2,,2.2,,2.2,,2.1,,2.5,,2.6,,2.6,,2.9,,2.9,,2.5,,2.5,,2.6,,2.7,,2.9,,3.0,,2.9,,2.6,,2.5,,2.4,,2.3,,2.3,,2.2,,1.9,,1.6,,1.3,,1.0,,0.5,,0.2,,-0.1,,-0.4,,-0.8,,-1.7,,-1.9,,-2.0,,-2.1,,-2.0,,-1.7,,-1.7,,-1.5,,-1.1,,-0.8,,-0.5,,0.0,,0.8,,1.2,,1.3,,1.5,,1.8,,1.7,,1.7,,1.8,,1.8,,1.9,,1.8,,1.8,,1.7,,1.6,,1.7,,1.8,,1.8,,1.8,,1.9,,1.9,,1.8,,1.6,,1.7,,1.5,,1.6,,1.4,,1.5,,1.3,,1.0,,1.0,,0.8,,0.8,,0.8,,0.8,,0.8,,0.8,,0.8,,0.9,,0.8,,0.9,,0.9,,1.0,,1.1,,1.1,,1.1,,1.3,,1.5,,1.8,,1.8,,1.9,,1.9,,2.1,,2.4,,2.6,,2.6,,2.7,,2.7,,2.9,,3.0,,2.8,,2.9,,3.0,,3.0,,3.0,,3.2,,3.1,,3.1,,3.3,,3.0,,3.2,,3.1,,3.0,,3.0,,2.8,,2.8,,2.7,,2.3,,2.3,,2.3,,2.1,,2.4,,2.1,,2.1,,2.2,,1.9,,2.1,,1.9,,1.8,,2.0,,1.9,,1.8,,1.9,,1.9,,1.8,,1.7,,1.6,,1.3,,1.3,,1.4,,1.3,,1.2,,1.3,,1.3,,1.3,,1.2,,1.2,,1.4,,1.5,,1.6,,1.6,,1.6,,1.8,,1.7,,1.6,,1.6,,1.5,,1.5,,1.6,,1.3,,1.4,,1.3,,1.3,,1.3,,1.3,,1.5,,1.7,,1.9,,2.0,,2.3,,2.6,,3.0,,3.2,,3.4,,3.5,,3.7,,3.7,,3.8,,4.0,,4.1,,4.1,,4.1,,4.0,,4.0,,4.1,,4.3,,4.4,,4.5,,4.6,,4.6,,4.7,,4.9,,5.1,,5.2,,5.4,,5.5,,5.4,
England,E92000001,Index,81.5,,81.6,,81.7,,81.8,,82.0,,82.1,,82.3,,82.5,,82.7,,82.8,,83.0,,83.2,,83.5,,83.7,,83.8,,84.0,,84.1,,84.2,,84.4,,84.6,,84.7,,84.8,,85.0,,85.2,,85.4,,85.6,,85.8,,86.0,,86.2,,86.3,,86.6,,86.9,,87.2,,87.4,,87.7,,88.0,,88.5,,88.6,,88.8,,89.0,,89.2,,89.4,,89.6,,89.8,,90.0,,90.4,,90.6,,90.9,,91.1,,91.2,,91.2,,91.3,,91.3,,91.3,,91.2,,91.1,,91.0,,90.8,,90.6,,90.4,,90.3,,90.1,,90.1,,90.0,,90.1,,90.1,,90.2,,90.3,,90.5,,90.7,,90.8,,91.1,,91.4,,91.6,,91.7,,91.9,,92.1,,92.3,,92.5,,92.7,,93.0,,93.2,,93.4,,93.8,,94.0,,94.2,,94.3,,94.6,,94.8,,95.0,,95.2,,95.4,,95.7,,95.9,,96.1,,96.3,,96.4,,96.6,,96.7,,96.8,,97.0,,97.2,,97.3,,97.5,,97.6,,97.7,,97.9,,98.0,,98.1,,98.1,,98.3,,98.4,,98.5,,98.6,,98.8,,98.9,,99.0,,99.2,,99.4,,99.7,,100.0,,100.2,,100.4,,100.6,,100.9,,101.1,,101.2,,101.6,,101.8,,102.0,,102.2,,102.3,,102.7,,102.9,,103.1,,103.4,,103.6,,103.7,,103.8,,104.1,,104.3,,104.5,,104.7,,104.9,,105.1,,105.2,,105.3,,105.4,,105.5,,105.6,,105.8,,105.9,,106.0,,106.1,,106.2,,106.2,,106.3,,106.4,,106.4,,106.5,,106.6,,106.7,,106.8,,106.9,,107.0,,107.1,,107.2,,107.4,,107.4,,107.6,,107.7,,107.8,,108.0,,108.1,,108.2,,108.3,,108.4,,108.6,,108.7,,108.9,,109.1,,109.1,,109.3,,109.4,,109.6,,109.7,,109.8,,109.9,,110.1,,110.1,,110.2,,110.4,,110.4,,110.6,,110.6,,110.7,,110.8,,111.0,,111.1,,111.3,,111.5,,111.8,,112.0,,112.3,,112.6,,112.9,,113.1,,113.5,,113.9,,114.2,,114.6,,115.0,,115.5,,115.9,,116.4,,117.0,,117.5,,117.9,,118.3,,118.8,,119.4,,120.0,,120.6,,121.3,,122.0,,122.8,,123.5,,124.1,
England,E92000001,Year-on-year change,,.,,.,,.,,.,,.,,.,,.,,.,,.,,.,,.,,.,2.5,,2.5,,2.6,,2.6,,2.6,,2.6,,2.6,,2.5,,2.4,,2.3,,2.4,,2.3,,2.2,,2.3,,2.3,,2.4,,2.4,,2.5,,2.6,,2.7,,2.9,,3.1,,3.2,,3.4,,3.6,,3.5,,3.5,,3.5,,3.5,,3.6,,3.5,,3.4,,3.3,,3.4,,3.4,,3.3,,3.0,,2.9,,2.7,,2.6,,2.4,,2.1,,1.7,,1.4,,1.0,,0.5,,0.0,,-0.5,,-0.9,,-1.2,,-1.2,,-1.3,,-1.3,,-1.2,,-1.0,,-0.8,,-0.5,,-0.1,,0.2,,0.7,,1.3,,1.6,,1.8,,2.1,,2.2,,2.4,,2.5,,2.6,,2.8,,2.8,,2.9,,3.0,,2.8,,2.9,,2.8,,2.9,,3.0,,3.0,,3.0,,2.9,,2.9,,2.9,,2.8,,2.7,,2.6,,2.5,,2.5,,2.3,,2.3,,2.2,,2.2,,2.2,,2.0,,1.8,,1.9,,1.7,,1.7,,1.6,,1.6,,1.6,,1.5,,1.5,,1.5,,1.4,,1.4,,1.5,,1.6,,1.8,,1.9,,2.1,,2.1,,2.3,,2.5,,2.5,,2.5,,2.8,,2.8,,2.8,,2.8,,2.7,,2.7,,2.8,,2.8,,2.8,,2.6,,2.5,,2.6,,2.4,,2.5,,2.5,,2.4,,2.5,,2.3,,2.3,,2.1,,2.0,,1.9,,1.9,,1.9,,1.7,,1.6,,1.5,,1.4,,1.3,,1.1,,1.1,,1.1,,1.0,,1.0,,1.0,,0.9,,0.9,,0.9,,0.9,,1.0,,1.1,,1.1,,1.1,,1.2,,1.2,,1.3,,1.3,,1.4,,1.3,,1.3,,1.4,,1.4,,1.4,,1.5,,1.4,,1.4,,1.5,,1.5,,1.5,,1.4,,1.5,,1.5,,1.4,,1.4,,1.4,,1.3,,1.3,,1.3,,1.2,,1.1,,1.1,,1.2,,1.2,,1.3,,1.5,,1.6,,1.8,,2.0,,2.1,,2.2,,2.5,,2.8,,2.9,,3.2,,3.4,,3.6,,3.7,,3.9,,4.1,,4.3,,4.5,,4.6,,4.7,,4.9,,5.1,,5.2,,5.4,,5.6,,6.0,,6.1,,6.1,
Great Britain,K03000001,Index,,.,,.,,.,,.,,.,,.,,.,,.,,.,,.,,.,,.,,.,,.,,.,,.,,.,,.,,.,,.,,.,,.,,.,,.,,.,,.,,.,,.,,.,,.,,.,,.,,.,,.,,.,,.,,.,,.,,.,,.,,.,,.,,.,,.,,.,,.,,.,,.,,.,,.,,.,,.,,.,,.,,.,,.,,.,,.,,.,,.,,.,,.,,.,,.,,.,,.,,.,,.,,.,,.,,.,,.,91.7,,91.8,,92.0,,92.2,,92.4,,92.5,,92.7,,92.9,,93.2,,93.4,,93.6,,93.9,,94.2,,94.4,,94.5,,94.8,,95.0,,95.1,,95.3,,95.5,,95.8,,96.0,,96.1,,96.3,,96.5,,96.6,,96.7,,96.9,,97.1,,97.2,,97.3,,97.5,,97.6,,97.7,,97.9,,98.0,,98.1,,98.2,,98.3,,98.4,,98.5,,98.6,,98.8,,98.9,,99.0,,99.2,,99.4,,99.7,,100.0,,100.2,,100.3,,100.6,,100.9,,101.1,,101.2,,101.6,,101.7,,101.9,,102.1,,102.2,,102.6,,102.8,,102.9,,103.2,,103.4,,103.4,,103.6,,103.9,,104.0,,104.2,,104.4,,104.6,,104.8,,104.9,,105.0,,105.1,,105.2,,105.3,,105.5,,105.6,,105.7,,105.8,,105.8,,105.9,,106.0,,106.0,,106.1,,106.2,,106.2,,106.3,,106.4,,106.5,,106.6,,106.7,,106.8,,107.0,,107.1,,107.2,,107.3,,107.4,,107.6,,107.7,,107.8,,107.9,,108.0,,108.1,,108.3,,108.4,,108.6,,108.7,,108.8,,109.0,,109.1,,109.2,,109.3,,109.5,,109.6,,109.6,,109.8,,109.9,,110.0,,110.1,,110.2,,110.2,,110.4,,110.5,,110.6,,110.8,,111.0,,111.3,,111.6,,111.9,,112.2,,112.4,,112.6,,113.0,,113.4,,113.8,,114.1,,114.5,,115.0,,115.4,,115.9,,116.5,,117.0,,117.4,,117.9,,118.4,,119.0,,119.6,,120.2,,120.8,,121.5,,122.4,,123.1,,123.6,
Great Britain,K03000001,Year-on-year change,,.,,.,,.,,.,,.,,.,,.,,.,,.,,.,,.,,.,,.,,.,,.,,.,,.,,.,,.,,.,,.,,.,,.,,.,,.,,.,,.,,.,,.,,.,,.,,.,,.,,.,,.,,.,,.,,.,,.,,.,,.,,.,,.,,.,,.,,.,,.,,.,,.,,.,,.,,.,,.,,.,,.,,.,,.,,.,,.,,.,,.,,.,,.,,.,,.,,.,,.,,.,,.,,.,,.,,.,,.,,.,,.,,.,,.,,.,,.,,.,,.,,.,,.,,.,2.7,,2.8,,2.7,,2.8,,2.8,,2.8,,2.8,,2.8,,2.8,,2.8,,2.7,,2.6,,2.5,,2.4,,2.4,,2.2,,2.2,,2.2,,2.1,,2.1,,1.9,,1.8,,1.8,,1.7,,1.7,,1.6,,1.6,,1.6,,1.5,,1.5,,1.5,,1.4,,1.4,,1.6,,1.6,,1.7,,1.9,,2.0,,2.1,,2.2,,2.4,,2.5,,2.4,,2.7,,2.7,,2.7,,2.7,,2.5,,2.6,,2.6,,2.6,,2.6,,2.5,,2.4,,2.4,,2.3,,2.3,,2.3,,2.3,,2.3,,2.2,,2.1,,2.0,,1.8,,1.8,,1.8,,1.8,,1.6,,1.6,,1.5,,1.4,,1.2,,1.1,,1.1,,1.1,,1.0,,1.0,,1.0,,0.9,,0.9,,0.9,,0.9,,0.9,,1.0,,1.0,,1.1,,1.1,,1.2,,1.3,,1.3,,1.3,,1.3,,1.3,,1.3,,1.4,,1.4,,1.5,,1.4,,1.4,,1.5,,1.5,,1.5,,1.4,,1.5,,1.5,,1.4,,1.4,,1.4,,1.2,,1.3,,1.2,,1.2,,1.1,,1.2,,1.2,,1.2,,1.3,,1.5,,1.6,,1.8,,2.0,,2.1,,2.2,,2.5,,2.8,,3.0,,3.2,,3.4,,3.6,,3.7,,3.9,,4.1,,4.3,,4.5,,4.7,,4.8,,4.9,,5.1,,5.3,,5.5,,5.7,,6.0,,6.2,,6.1,
London,E12000007,Index,75.5,,75.5,,75.5,,75.6,,75.6,,75.6,,75.7,,76.0,,76.2,,76.2,,76.3,,76.5,,76.8,,77.0,,77.1,,77.3,,77.4,,77.6,,77.8,,77.9,,77.9,,78.0,,78.2,,78.2,,78.4,,78.6,,78.8,,79.2,,79.3,,79.7,,80.0,,80.3,,80.6,,80.9,,81.2,,81.7,,82.2,,82.4,,82.6,,82.8,,83.1,,83.4,,83.6,,83.8,,84.0,,84.5,,84.9,,85.2,,85.5,,85.7,,85.7,,85.8,,85.8,,85.7,,85.5,,85.4,,85.3,,85.1,,84.9,,84.8,,84.7,,84.6,,84.5,,84.4,,84.5,,84.5,,84.7,,84.8,,85.0,,85.3,,85.5,,85.9,,86.3,,86.6,,86.8,,87.1,,87.4,,87.7,,88.0,,88.4,,88.8,,89.1,,89.5,,90.0,,90.5,,90.8,,91.0,,91.6,,91.9,,92.3,,92.6,,92.9,,93.5,,93.8,,94.0,,94.4,,94.7,,94.9,,95.1,,95.4,,95.8,,96.0,,96.3,,96.7,,96.8,,96.9,,97.2,,97.2,,97.3,,97.3,,97.5,,97.7,,98.0,,98.1,,98.3,,98.5,,98.7,,99.0,,99.2,,99.5,,100.0,,100.3,,100.6,,100.9,,101.5,,101.8,,102.0,,102.7,,102.8,,103.0,,103.3,,103.4,,103.9,,104.1,,104.4,,104.7,,104.8,,104.9,,105.0,,105.3,,105.5,,105.7,,105.7,,105.8,,106.1,,106.1,,106.0,,106.1,,106.3,,106.3,,106.5,,106.5,,106.5,,106.5,,106.4,,106.2,,106.3,,106.2,,106.1,,106.1,,106.1,,106.1,,106.2,,106.3,,106.3,,106.3,,106.3,,106.4,,106.4,,106.5,,106.6,,106.7,,107.0,,107.0,,107.2,,107.1,,107.2,,107.3,,107.4,,107.6,,107.7,,107.7,,107.9,,108.0,,108.2,,108.3,,108.3,,108.5,,108.6,,108.2,,108.5,,108.6,,108.6,,108.5,,108.5,,108.1,,108.1,,108.2,,108.2,,108.1,,108.3,,108.4,,108.4,,108.4,,108.6,,108.8,,108.9,,109.3,,109.7,,110.1,,110.5,,110.9,,111.3,,111.6,,112.2,,112.8,,113.3,,113.7,,114.2,,114.7,,115.3,,115.9,,116.6,,117.4,,118.2,,119.2,,119.9,,120.5,
London,E12000007,Year-on-year change,,.,,.,,.,,.,,.,,.,,.,,.,,.,,.,,.,,.,1.7,,2.0,,2.1,,2.2,,2.4,,2.6,,2.8,,2.5,,2.3,,2.3,,2.4,,2.3,,2.1,,2.1,,2.3,,2.5,,2.5,,2.7,,2.8,,3.1,,3.4,,3.8,,3.9,,4.4,,4.9,,4.8,,4.8,,4.6,,4.7,,4.7,,4.5,,4.3,,4.2,,4.4,,4.6,,4.3,,4.0,,4.1,,3.7,,3.6,,3.3,,2.8,,2.3,,2.0,,1.6,,0.8,,0.0,,-0.5,,-1.0,,-1.3,,-1.3,,-1.6,,-1.4,,-1.4,,-1.0,,-0.7,,-0.4,,0.2,,0.7,,1.3,,2.0,,2.3,,2.7,,3.2,,3.4,,3.7,,3.9,,4.2,,4.4,,4.6,,4.7,,4.9,,4.9,,4.9,,4.9,,5.2,,5.2,,5.3,,5.3,,5.1,,5.3,,5.2,,5.0,,4.8,,4.6,,4.5,,4.5,,4.2,,4.2,,4.1,,4.0,,4.0,,3.5,,3.3,,3.4,,3.0,,2.8,,2.5,,2.5,,2.4,,2.2,,2.1,,2.1,,1.9,,2.0,,2.2,,2.1,,2.4,,2.8,,3.0,,3.2,,3.3,,3.7,,3.8,,3.7,,4.3,,4.1,,4.1,,4.1,,3.9,,3.9,,3.8,,3.7,,3.7,,3.3,,3.0,,3.0,,2.6,,2.7,,2.6,,2.4,,2.4,,2.1,,1.9,,1.6,,1.4,,1.3,,1.3,,1.5,,1.2,,0.9,,0.8,,0.6,,0.4,,0.2,,0.1,,0.1,,0.0,,-0.2,,-0.2,,-0.3,,-0.3,,-0.2,,-0.2,,0.0,,0.2,,0.1,,0.2,,0.5,,0.5,,0.9,,0.9,,0.9,,0.8,,0.9,,0.9,,1.0,,1.2,,1.3,,1.1,,1.2,,1.3,,1.2,,1.2,,1.1,,1.3,,1.2,,0.9,,1.1,,0.9,,0.8,,0.8,,0.5,,0.1,,-0.1,,-0.1,,-0.1,,-0.4,,-0.3,,0.1,,-0.1,,-0.1,,0.1,,0.2,,0.4,,1.1,,1.5,,1.7,,2.1,,2.5,,2.8,,3.0,,3.5,,4.0,,4.3,,4.6,,4.8,,5.0,,5.1,,5.3,,5.5,,5.9,,6.2,,6.8,,6.9,,6.8,
North East,E12000001,Index,86.1,,86.4,,86.5,,87.0,,87.2,,87.4,,87.5,,87.6,,87.9,,88.1,,88.3,,88.7,,89.0,,89.1,,89.4,,89.4,,89.7,,90.1,,90.4,,90.6,,90.6,,90.6,,90.6,,91.1,,91.5,,91.8,,91.9,,92.0,,91.8,,91.9,,92.1,,92.3,,92.4,,92.7,,93.0,,93.5,,94.2,,94.1,,94.2,,94.5,,94.8,,94.8,,95.0,,95.1,,95.4,,95.5,,95.8,,96.0,,96.2,,96.4,,96.5,,96.7,,96.9,,96.9,,97.1,,97.3,,97.3,,97.2,,97.3,,97.2,,97.1,,97.0,,96.9,,96.9,,96.9,,96.9,,97.0,,97.0,,97.1,,97.2,,97.4,,97.6,,97.6,,97.7,,97.8,,97.8,,98.0,,98.0,,98.1,,98.5,,98.7,,99.0,,98.9,,98.9,,99.0,,98.9,,98.9,,99.0,,98.8,,98.8,,98.9,,98.9,,98.9,,99.0,,99.2,,99.3,,99.4,,99.4,,99.3,,99.4,,99.4,,99.4,,99.6,,99.6,,99.7,,99.7,,99.7,,99.7,,99.7,,99.8,,99.7,,99.7,,99.7,,99.8,,99.9,,99.9,,99.9,,100.0,,99.9,,100.0,,100.0,,100.0,,100.1,,100.2,,100.3,,100.3,,100.3,,100.4,,100.4,,100.4,,100.6,,100.6,,100.9,,100.9,,100.9,,101.0,,101.1,,101.1,,101.2,,101.3,,101.4,,101.6,,101.7,,101.7,,101.7,,101.8,,101.7,,101.7,,101.6,,101.7,,101.7,,101.7,,101.8,,101.8,,101.7,,101.8,,101.8,,101.8,,101.9,,101.8,,101.8,,101.9,,101.8,,101.9,,101.9,,102.1,,102.1,,102.1,,102.2,,102.1,,102.2,,102.2,,102.3,,102.4,,102.5,,102.4,,102.5,,102.5,,102.6,,102.7,,102.8,,102.8,,102.9,,102.9,,103.2,,103.3,,103.4,,103.5,,103.7,,103.7,,103.8,,104.0,,104.0,,104.3,,104.3,,104.4,,104.6,,104.7,,104.9,,105.0,,105.4,,105.6,,105.8,,106.1,,106.3,,106.6,,106.8,,107.1,,107.4,,107.7,,108.0,,108.2,,108.6,,109.1,,109.5,,110.1,,110.7,,111.1,,111.3,,111.6,,112.0,,112.4,,112.9,,113.4,,113.7,,114.2,,114.6,,115.1,
North East,E12000001,Year-on-year change,,.,,.,,.,,.,,.,,.,,.,,.,,.,,.,,.,,.,3.3,,3.2,,3.3,,2.8,,2.8,,3.1,,3.3,,3.4,,3.1,,2.8,,2.6,,2.8,,2.9,,3.0,,2.9,,2.9,,2.4,,1.9,,1.9,,1.9,,2.0,,2.2,,2.6,,2.6,,2.9,,2.5,,2.4,,2.7,,3.2,,3.2,,3.2,,3.1,,3.2,,3.0,,3.0,,2.7,,2.1,,2.4,,2.4,,2.4,,2.2,,2.2,,2.2,,2.3,,2.0,,1.8,,1.5,,1.2,,0.9,,0.6,,0.4,,0.2,,0.0,,0.0,,-0.1,,-0.3,,-0.2,,0.0,,0.1,,0.4,,0.6,,0.8,,0.9,,0.9,,1.1,,1.2,,1.2,,1.5,,1.7,,1.8,,1.6,,1.3,,1.4,,1.2,,1.2,,1.2,,0.8,,0.8,,0.8,,0.4,,0.2,,0.0,,0.3,,0.4,,0.3,,0.4,,0.4,,0.4,,0.6,,0.6,,0.7,,0.7,,0.7,,0.8,,0.5,,0.4,,0.3,,0.4,,0.4,,0.3,,0.3,,0.4,,0.3,,0.2,,0.3,,0.2,,0.3,,0.3,,0.3,,0.3,,0.4,,0.5,,0.6,,0.5,,0.5,,0.6,,0.5,,0.5,,0.6,,0.6,,0.9,,0.9,,0.8,,0.8,,0.8,,0.8,,0.9,,0.9,,1.0,,1.1,,1.1,,1.1,,0.9,,0.9,,0.7,,0.7,,0.6,,0.5,,0.5,,0.4,,0.4,,0.2,,0.0,,0.1,,0.0,,0.0,,0.2,,0.1,,0.1,,0.2,,0.1,,0.2,,0.2,,0.3,,0.4,,0.3,,0.4,,0.3,,0.3,,0.4,,0.5,,0.5,,0.7,,0.6,,0.6,,0.4,,0.5,,0.5,,0.6,,0.7,,0.7,,0.7,,0.8,,1.0,,0.9,,1.0,,1.1,,1.2,,1.2,,1.2,,1.2,,1.4,,1.4,,1.4,,1.4,,1.3,,1.4,,1.5,,1.6,,1.8,,1.9,,2.1,,2.2,,2.3,,2.4,,2.5,,2.7,,2.8,,2.9,,3.0,,3.1,,3.3,,3.5,,3.8,,4.1,,4.2,,4.3,,4.2,,4.3,,4.4,,4.6,,4.8,,4.7,,4.7,,4.7,,4.6,
North West,E12000002,Index,88.6,,88.6,,88.6,,88.6,,88.7,,89.0,,89.1,,89.2,,89.4,,89.5,,89.7,,90.0,,90.3,,90.4,,90.5,,90.6,,90.7,,90.7,,90.7,,90.8,,91.0,,91.1,,91.5,,91.6,,91.9,,91.9,,92.3,,92.6,,92.9,,92.9,,93.0,,93.4,,93.6,,93.9,,93.9,,94.0,,94.3,,94.3,,94.4,,94.5,,94.7,,94.8,,94.8,,95.0,,95.2,,95.4,,95.8,,95.9,,95.9,,95.9,,95.9,,96.0,,96.2,,96.3,,96.5,,96.5,,96.3,,96.3,,96.3,,96.3,,96.2,,96.2,,96.2,,96.2,,96.3,,96.4,,96.5,,96.6,,96.7,,96.9,,97.1,,97.2,,97.3,,97.3,,97.4,,97.6,,97.7,,97.8,,97.8,,97.9,,98.1,,98.2,,98.3,,98.3,,98.4,,98.5,,98.6,,98.7,,98.7,,98.7,,98.8,,98.9,,98.9,,99.0,,99.0,,99.1,,99.1,,99.1,,99.0,,99.1,,99.1,,99.1,,99.2,,99.2,,99.3,,99.3,,99.4,,99.4,,99.4,,99.4,,99.4,,99.5,,99.5,,99.6,,99.6,,99.6,,99.7,,99.7,,99.8,,99.9,,100.0,,100.0,,100.0,,100.1,,100.1,,100.1,,100.2,,100.4,,100.4,,100.6,,100.8,,100.9,,101.0,,101.0,,101.1,,101.2,,101.3,,101.3,,101.4,,101.5,,101.7,,101.9,,102.0,,102.1,,102.2,,102.3,,102.4,,102.5,,102.7,,102.8,,102.8,,102.9,,103.1,,103.2,,103.3,,103.4,,103.5,,103.6,,103.7,,103.8,,103.8,,103.9,,104.0,,104.1,,104.1,,104.2,,104.3,,104.4,,104.6,,104.8,,104.9,,105.1,,105.2,,105.3,,105.4,,105.5,,105.5,,105.5,,105.6,,105.7,,105.7,,105.8,,105.9,,106.0,,106.3,,106.4,,106.5,,106.7,,106.9,,107.0,,107.2,,107.3,,107.6,,107.8,,108.0,,108.2,,108.4,,108.5,,108.7,,109.0,,109.3,,109.6,,110.0,,110.5,,110.9,,111.2,,111.5,,111.9,,112.2,,112.6,,113.0,,113.5,,114.0,,114.5,,115.2,,115.6,,116.1,,116.5,,116.8,,117.2,,117.8,,118.3,,118.8,,119.4,,120.0,,120.5,,121.4,,122.0,
North West,E12000002,Year-on-year change,,.,,.,,.,,.,,.,,.,,.,,.,,.,,.,,.,,.,1.9,,2.1,,2.2,,2.2,,2.2,,1.9,,1.7,,1.9,,1.8,,1.8,,1.9,,1.8,,1.8,,1.7,,2.0,,2.3,,2.4,,2.4,,2.6,,2.8,,2.9,,3.0,,2.6,,2.6,,2.6,,2.6,,2.3,,2.0,,1.9,,2.1,,1.9,,1.7,,1.6,,1.6,,2.0,,2.0,,1.8,,1.6,,1.6,,1.6,,1.6,,1.6,,1.8,,1.6,,1.2,,0.9,,0.5,,0.4,,0.3,,0.3,,0.3,,0.2,,0.2,,0.2,,0.0,,0.1,,0.4,,0.6,,0.8,,1.0,,1.2,,1.2,,1.3,,1.4,,1.4,,1.4,,1.4,,1.4,,1.5,,1.4,,1.2,,1.2,,1.1,,1.2,,1.2,,1.1,,1.0,,1.0,,1.0,,0.9,,0.8,,0.7,,0.7,,0.7,,0.7,,0.5,,0.5,,0.4,,0.4,,0.4,,0.4,,0.4,,0.4,,0.4,,0.4,,0.3,,0.4,,0.4,,0.4,,0.4,,0.4,,0.5,,0.4,,0.4,,0.4,,0.4,,0.4,,0.5,,0.6,,0.6,,0.6,,0.6,,0.6,,0.5,,0.6,,0.8,,0.7,,0.8,,1.0,,1.0,,1.0,,1.0,,1.1,,1.1,,1.2,,1.2,,1.2,,1.1,,1.3,,1.3,,1.1,,1.2,,1.2,,1.2,,1.3,,1.3,,1.3,,1.5,,1.4,,1.4,,1.3,,1.3,,1.3,,1.3,,1.3,,1.3,,1.2,,1.2,,1.1,,1.1,,1.1,,1.1,,1.0,,1.0,,1.0,,1.0,,1.1,,1.1,,1.2,,1.3,,1.3,,1.3,,1.4,,1.3,,1.3,,1.2,,1.3,,1.2,,1.1,,1.0,,1.0,,0.9,,1.0,,1.0,,1.1,,1.2,,1.3,,1.4,,1.5,,1.5,,1.7,,1.9,,1.9,,2.0,,2.0,,2.0,,2.1,,2.2,,2.3,,2.4,,2.6,,3.0,,3.1,,3.1,,3.3,,3.4,,3.6,,3.8,,4.0,,4.1,,4.3,,4.5,,4.7,,4.6,,4.7,,4.8,,4.7,,4.8,,4.9,,5.1,,5.2,,5.1,,5.2,,5.3,,5.4,,5.5,
Northern Ireland,N92000002,Index,,.,,.,,.,,.,,.,,.,,.,,.,,.,,.,,.,,.,,.,,.,,.,,.,,.,,.,,.,,.,,.,,.,,.,,.,,.,,.,,.,,.,,.,,.,,.,,.,,.,,.,,.,,.,,.,,.,,.,,.,,.,,.,,.,,.,,.,,.,,.,,.,,.,,.,,.,,.,,.,,.,,.,,.,,.,,.,,.,,.,,.,,.,,.,,.,,.,,.,,.,,.,,.,,.,,.,,.,,.,,.,,.,,.,,.,,.,,.,,.,,.,,.,,.,,.,,.,,.,,.,,.,,.,,.,,.,,.,,.,,.,,.,,.,,.,,.,,.,,.,,.,,.,,.,,.,,.,,.,,.,,.,,.,,.,,.,,.,,.,,.,,.,,.,,.,,.,,.,,.,100.0,,100.0,,100.0,,100.0,,100.0,,100.1,,100.1,,100.2,,100.5,,100.6,,100.9,,101.2,,101.5,,101.7,,101.8,,101.9,,102.4,,102.5,,102.6,,102.8,,102.7,,102.8,,102.9,,102.9,,102.7,,102.7,,103.0,,103.2,,103.6,,103.9,,104.0,,104.1,,104.4,,104.5,,104.8,,104.8,,104.8,,104.9,,105.1,,105.4,,105.7,,105.9,,106.0,,106.2,,106.5,,106.7,,106.6,,106.9,,107.1,,107.1,,107.3,,107.4,,107.6,,107.9,,108.2,,108.6,,108.8,,109.0,,109.0,,109.0,,109.5,,109.7,,110.1,,110.3,,110.6,,110.5,,110.8,,111.1,,111.7,,111.8,,112.3,,112.6,,113.3,,113.5,,113.9,,114.3,,114.7,,115.2,,115.7,,116.4,,117.2,,117.9,,119.0,,119.9,,120.4,,121.0,,121.7,,122.8,,124.0,,125.0,,126.0,,127.0,,128.3,,129.2,,130.0,,131.3,,132.3,,132.9,,133.8,,134.6,,135.4,,136.3,,137.7,,139.1,,140.0,,141.3,,142.3,,,.
Northern Ireland,N92000002,Year-on-year change,,.,,.,,.,,.,,.,,.,,.,,.,,.,,.,,.,,.,,.,,.,,.,,.,,.,,.,,.,,.,,.,,.,,.,,.,,.,,.,,.,,.,,.,,.,,.,,.,,.,,.,,.,,.,,.,,.,,.,,.,,.,,.,,.,,.,,.,,.,,.,,.,,.,,.,,.,,.,,.,,.,,.,,.,,.,,.,,.,,.,,.,,.,,.,,.,,.,,.,,.,,.,,.,,.,,.,,.,,.,,.,,.,,.,,.,,.,,.,,.,,.,,.,,.,,.,,.,,.,,.,,.,,.,,.,,.,,.,,.,,.,,.,,.,,.,,.,,.,,.,,.,,.,,.,,.,,.,,.,,.,,.,,.,,.,,.,,.,,.,,.,,.,,.,,.,,.,,.,,.,,.,,.,,.,,.,,.,,.,,.,,.,,.,,.,,.,,.,1.5,,1.7,,1.8,,1.9,,2.3,,2.4,,2.5,,2.7,,2.3,,2.3,,1.9,,1.7,,1.2,,1.0,,1.1,,1.3,,1.2,,1.4,,1.3,,1.3,,1.6,,1.6,,1.8,,1.8,,2.1,,2.2,,2.1,,2.1,,2.0,,1.9,,2.0,,2.0,,2.0,,2.0,,1.7,,2.0,,2.1,,2.0,,2.1,,1.9,,1.8,,1.9,,2.1,,2.2,,2.2,,2.2,,2.2,,2.0,,2.3,,2.5,,2.6,,2.7,,2.8,,2.4,,2.4,,2.3,,2.7,,2.6,,3.0,,3.3,,3.5,,3.4,,3.4,,3.6,,3.7,,4.3,,4.4,,4.7,,5.0,,5.5,,6.0,,6.5,,6.3,,6.7,,6.8,,7.4,,8.1,,8.4,,8.9,,9.1,,9.5,,9.6,,9.2,,9.5,,9.9,,9.8,,10.0,,9.6,,9.2,,9.1,,9.3,,9.6,,9.1,,9.3,,9.5,,,.
Scotland,S92000003,Index,,.,,.,,.,,.,,.,,.,,.,,.,,.,,.,,.,,.,,.,,.,,.,,.,,.,,.,,.,,.,,.,,.,,.,,.,,.,,.,,.,,.,,.,,.,,.,,.,,.,,.,,.,,.,,.,,.,,.,,.,,.,,.,,.,,.,,.,,.,,.,,.,,.,,.,,.,,.,,.,,.,,.,,.,,.,,.,,.,,.,,.,,.,,.,,.,,.,,.,,.,,.,,.,,.,,.,,.,93.9,,93.8,,93.9,,94.1,,94.3,,94.3,,94.5,,94.6,,94.8,,95.0,,95.0,,95.0,,95.2,,95.2,,95.3,,95.3,,95.4,,95.5,,95.6,,95.5,,95.7,,95.8,,95.9,,96.1,,96.3,,96.4,,96.4,,96.5,,96.8,,96.8,,97.0,,97.2,,97.4,,97.5,,97.6,,97.8,,97.9,,98.1,,98.1,,98.2,,98.2,,98.4,,98.7,,99.0,,99.2,,99.5,,99.6,,99.8,,100.0,,100.1,,100.1,,100.2,,100.3,,100.5,,100.5,,100.7,,100.8,,100.8,,100.6,,100.6,,100.8,,100.8,,100.7,,100.8,,100.7,,100.5,,100.7,,100.7,,100.7,,100.6,,100.7,,100.7,,100.8,,100.7,,100.6,,100.7,,100.7,,100.7,,100.9,,101.0,,101.0,,101.0,,101.0,,101.1,,101.1,,101.1,,101.3,,101.3,,101.3,,101.3,,101.4,,101.4,,101.6,,101.6,,101.5,,101.7,,101.8,,101.8,,101.9,,102.0,,102.1,,102.2,,102.3,,102.4,,102.4,,102.3,,102.4,,102.4,,102.4,,102.4,,102.6,,102.7,,102.7,,102.8,,102.8,,102.9,,103.0,,103.1,,103.1,,103.3,,103.4,,103.5,,103.6,,103.9,,104.0,,104.0,,104.2,,104.5,,104.6,,104.8,,105.1,,105.7,,106.1,,106.3,,106.5,,106.8,,107.2,,107.7,,108.0,,108.2,,108.7,,109.2,,109.8,,110.4,,110.9,,111.5,,111.9,,112.4,,113.1,,113.6,,114.1,,114.7,,115.2,,116.0,,116.6,,117.3,
Scotland,S92000003,Year-on-year change,,.,,.,,.,,.,,.,,.,,.,,.,,.,,.,,.,,.,,.,,.,,.,,.,,.,,.,,.,,.,,.,,.,,.,,.,,.,,.,,.,,.,,.,,.,,.,,.,,.,,.,,.,,.,,.,,.,,.,,.,,.,,.,,.,,.,,.,,.,,.,,.,,.,,.,,.,,.,,.,,.,,.,,.,,.,,.,,.,,.,,.,,.,,.,,.,,.,,.,,.,,.,,.,,.,,.,,.,,.,,.,,.,,.,,.,,.,,.,,.,,.,,.,,.,,.,1.4,,1.5,,1.5,,1.3,,1.2,,1.2,,1.2,,1.0,,0.9,,0.8,,0.9,,1.2,,1.1,,1.2,,1.2,,1.3,,1.5,,1.4,,1.5,,1.8,,1.8,,1.8,,1.8,,1.8,,1.7,,1.8,,1.7,,1.7,,1.5,,1.7,,1.7,,1.8,,1.8,,2.1,,2.0,,2.0,,2.1,,2.1,,2.1,,2.1,,2.1,,2.1,,1.8,,1.7,,1.6,,1.3,,1.1,,0.9,,0.8,,0.7,,0.6,,0.5,,0.4,,0.1,,0.2,,0.0,,-0.1,,-0.2,,0.1,,0.1,,0.1,,0.0,,-0.1,,0.0,,-0.1,,0.2,,0.2,,0.3,,0.3,,0.4,,0.2,,0.4,,0.3,,0.4,,0.7,,0.6,,0.6,,0.6,,0.5,,0.5,,0.6,,0.6,,0.5,,0.6,,0.7,,0.7,,0.7,,0.7,,0.8,,0.9,,0.9,,0.9,,0.8,,0.7,,0.9,,0.6,,0.6,,0.6,,0.6,,0.7,,0.6,,0.6,,0.6,,0.5,,0.6,,0.8,,0.6,,0.9,,1.0,,1.1,,1.0,,1.1,,1.3,,1.2,,1.3,,1.6,,1.6,,1.6,,2.0,,2.3,,2.6,,2.6,,2.8,,2.9,,3.1,,3.5,,3.7,,3.6,,3.9,,4.2,,4.4,,4.4,,4.5,,4.9,,5.1,,5.2,,5.4,,5.5,,5.7,,6.0,,6.0,,6.2,,6.2,,6.3,
South East,E12000008,Index,82.9,,82.9,,83.0,,83.1,,83.4,,83.5,,83.7,,83.8,,84.0,,84.1,,84.2,,84.5,,84.7,,84.8,,84.9,,85.2,,85.4,,85.5,,85.6,,85.7,,85.9,,86.0,,86.2,,86.2,,86.7,,86.8,,86.9,,87.1,,87.2,,87.2,,87.4,,87.6,,87.9,,88.2,,88.5,,88.7,,89.2,,89.4,,89.6,,89.8,,89.9,,90.2,,90.3,,90.7,,91.1,,91.3,,91.5,,91.8,,92.0,,92.1,,92.1,,92.2,,92.2,,92.2,,92.1,,92.2,,91.9,,91.7,,91.4,,91.0,,90.6,,90.2,,90.3,,90.4,,90.5,,90.5,,90.5,,90.8,,90.8,,91.0,,91.2,,91.4,,92.0,,92.1,,92.3,,92.6,,92.8,,92.9,,93.1,,93.2,,93.4,,93.6,,93.8,,94.1,,94.2,,94.5,,94.7,,94.9,,95.1,,95.2,,95.3,,95.5,,95.7,,95.9,,96.0,,96.2,,96.2,,96.4,,96.5,,96.6,,96.7,,96.8,,97.0,,97.1,,97.2,,97.4,,97.5,,97.7,,97.9,,98.1,,98.1,,98.3,,98.4,,98.4,,98.6,,98.7,,98.9,,99.0,,99.4,,99.7,,100.0,,100.2,,100.3,,100.6,,100.7,,100.9,,101.0,,101.3,,101.6,,101.8,,102.1,,102.5,,102.9,,103.1,,103.3,,103.7,,104.1,,104.3,,104.5,,104.7,,105.1,,105.2,,105.6,,106.0,,106.3,,106.5,,106.7,,106.9,,107.1,,107.2,,107.3,,107.4,,107.7,,107.8,,108.0,,108.2,,108.2,,108.3,,108.5,,108.7,,108.8,,108.8,,109.0,,109.1,,109.2,,109.2,,109.3,,109.7,,109.9,,110.1,,110.2,,110.4,,110.4,,110.5,,110.7,,110.8,,110.9,,111.1,,111.2,,111.2,,111.4,,111.4,,111.4,,111.5,,111.7,,111.7,,111.8,,111.9,,112.1,,112.3,,112.2,,112.4,,112.5,,112.6,,112.7,,112.9,,113.0,,113.2,,113.5,,113.7,,113.9,,114.3,,114.5,,115.0,,115.3,,115.6,,115.9,,116.2,,116.5,,116.9,,117.4,,117.6,,117.9,,118.3,,118.7,,119.3,,119.8,,120.3,,120.7,,121.2,,121.6,,122.3,,123.0,,123.8,,124.4,,125.1,,125.7,,126.5,
South East,E12000008,Year-on-year change,,.,,.,,.,,.,,.,,.,,.,,.,,.,,.,,.,,.,2.2,,2.3,,2.4,,2.5,,2.4,,2.4,,2.3,,2.3,,2.3,,2.3,,2.3,,2.0,,2.3,,2.4,,2.3,,2.3,,2.1,,2.1,,2.1,,2.3,,2.4,,2.5,,2.7,,2.8,,2.9,,2.9,,3.1,,3.0,,3.2,,3.4,,3.4,,3.5,,3.6,,3.6,,3.4,,3.5,,3.2,,3.1,,2.8,,2.7,,2.5,,2.2,,2.0,,1.6,,0.9,,0.4,,-0.1,,-0.9,,-1.5,,-2.1,,-2.0,,-2.0,,-1.9,,-1.9,,-1.8,,-1.5,,-1.2,,-0.7,,-0.3,,0.5,,1.5,,2.1,,2.3,,2.4,,2.6,,2.6,,2.8,,2.6,,2.9,,2.8,,2.9,,3.0,,2.4,,2.6,,2.5,,2.5,,2.5,,2.5,,2.4,,2.5,,2.4,,2.5,,2.3,,2.2,,2.1,,2.0,,1.9,,1.9,,1.7,,1.7,,1.7,,1.7,,1.6,,1.6,,1.5,,1.5,,1.8,,1.8,,1.7,,1.7,,1.7,,1.7,,1.7,,1.7,,1.7,,1.7,,1.9,,2.1,,2.1,,2.2,,2.3,,2.4,,2.4,,2.5,,2.4,,2.6,,2.7,,2.8,,2.7,,2.8,,2.9,,2.9,,2.9,,3.1,,3.4,,3.4,,3.5,,3.4,,3.5,,3.4,,3.4,,3.4,,3.3,,3.3,,3.4,,3.1,,2.8,,2.8,,2.6,,2.6,,2.5,,2.4,,2.3,,2.0,,1.8,,1.7,,1.7,,1.6,,1.6,,1.5,,1.5,,1.5,,1.4,,1.3,,1.2,,1.4,,1.5,,1.6,,1.5,,1.6,,1.5,,1.6,,1.6,,1.6,,1.6,,1.7,,1.7,,1.4,,1.4,,1.2,,1.1,,1.0,,1.2,,1.1,,1.0,,1.0,,1.0,,1.1,,0.9,,1.0,,1.0,,1.0,,1.2,,1.3,,1.2,,1.3,,1.5,,1.6,,1.7,,1.8,,2.1,,2.3,,2.5,,2.6,,2.8,,2.9,,3.1,,3.3,,3.4,,3.5,,3.4,,3.5,,3.6,,3.8,,4.0,,4.1,,4.2,,4.3,,4.4,,4.6,,4.8,,5.3,,5.6,,5.8,,5.9,,6.0,
South West,E12000009,Index,82.9,,83.4,,83.5,,83.7,,84.0,,84.3,,84.5,,84.8,,85.1,,85.2,,85.5,,85.8,,86.0,,86.1,,86.3,,86.4,,86.4,,86.5,,86.6,,86.8,,87.1,,87.1,,87.4,,87.7,,87.9,,88.2,,88.5,,88.5,,88.8,,89.1,,89.4,,89.8,,90.0,,90.3,,90.6,,90.9,,91.5,,91.6,,91.8,,92.0,,92.1,,92.3,,92.5,,92.8,,93.2,,93.6,,93.8,,93.9,,94.0,,93.9,,93.8,,94.0,,94.1,,94.2,,94.0,,93.6,,93.7,,93.4,,93.4,,93.3,,93.2,,93.0,,92.9,,92.8,,92.8,,92.8,,92.9,,93.0,,93.3,,93.4,,93.5,,93.6,,93.7,,93.7,,93.9,,94.0,,94.1,,94.3,,94.4,,94.5,,94.9,,95.0,,95.3,,95.4,,95.6,,95.7,,95.7,,95.7,,95.9,,96.0,,96.2,,96.4,,96.7,,96.9,,96.9,,97.0,,97.1,,97.2,,97.2,,97.2,,97.4,,97.5,,97.7,,97.9,,97.9,,98.1,,98.3,,98.3,,98.4,,98.4,,98.5,,98.7,,98.7,,98.8,,99.0,,99.2,,99.2,,99.4,,99.6,,99.8,,100.0,,100.1,,100.2,,100.4,,100.5,,100.6,,100.6,,100.9,,101.0,,101.1,,101.3,,101.1,,101.3,,101.5,,101.8,,101.9,,102.1,,102.3,,102.4,,102.9,,103.2,,103.5,,103.8,,104.0,,104.2,,104.3,,104.4,,104.5,,104.7,,104.7,,105.0,,105.1,,105.4,,105.7,,106.0,,106.2,,106.4,,106.5,,106.6,,106.7,,106.8,,106.9,,107.0,,107.3,,107.4,,107.6,,107.6,,107.9,,108.2,,108.4,,108.5,,108.6,,108.9,,109.0,,109.2,,109.4,,109.6,,109.9,,110.1,,110.3,,110.8,,110.9,,111.0,,111.4,,111.6,,111.8,,111.9,,112.1,,112.3,,112.5,,112.7,,113.1,,113.2,,113.5,,113.8,,114.0,,114.2,,114.4,,114.7,,115.1,,115.4,,115.9,,116.2,,116.6,,117.2,,117.4,,117.7,,118.2,,118.7,,119.0,,119.3,,120.0,,120.5,,120.9,,121.3,,121.7,,122.3,,122.8,,123.3,,123.6,,124.2,,124.8,,125.2,,125.8,,126.6,,127.6,,128.3,,128.7,
South West,E12000009,Year-on-year change,,.,,.,,.,,.,,.,,.,,.,,.,,.,,.,,.,,.,3.7,,3.2,,3.3,,3.2,,2.8,,2.6,,2.5,,2.3,,2.3,,2.3,,2.3,,2.3,,2.2,,2.4,,2.5,,2.5,,2.8,,3.0,,3.2,,3.5,,3.4,,3.6,,3.6,,3.6,,4.1,,3.9,,3.8,,3.9,,3.7,,3.6,,3.5,,3.3,,3.5,,3.7,,3.5,,3.2,,2.6,,2.5,,2.2,,2.2,,2.2,,2.0,,1.6,,0.9,,0.6,,-0.2,,-0.4,,-0.6,,-0.8,,-0.9,,-0.9,,-1.3,,-1.4,,-1.4,,-1.1,,-0.7,,-0.5,,-0.1,,0.1,,0.3,,0.5,,0.8,,1.1,,1.4,,1.4,,1.6,,1.6,,1.6,,1.7,,1.7,,1.9,,2.0,,1.9,,2.1,,1.9,,1.8,,1.9,,1.8,,1.9,,2.0,,1.9,,2.0,,1.7,,1.6,,1.7,,1.6,,1.5,,1.6,,1.6,,1.6,,1.6,,1.5,,1.3,,1.2,,1.4,,1.4,,1.3,,1.3,,1.4,,1.5,,1.4,,1.3,,1.4,,1.3,,1.3,,1.3,,1.3,,1.5,,1.6,,1.7,,1.7,,1.8,,1.9,,1.8,,1.6,,1.8,,1.8,,1.7,,1.8,,1.4,,1.3,,1.4,,1.7,,1.5,,1.5,,1.7,,1.8,,2.0,,2.2,,2.4,,2.4,,2.9,,2.8,,2.7,,2.5,,2.5,,2.5,,2.4,,2.5,,2.1,,2.1,,2.1,,2.1,,2.1,,2.1,,2.1,,2.1,,2.1,,2.0,,2.1,,1.9,,2.1,,1.9,,1.8,,1.6,,1.6,,1.8,,1.8,,1.7,,1.7,,2.0,,2.0,,2.0,,2.0,,2.1,,2.2,,2.3,,2.2,,2.3,,2.3,,2.4,,2.6,,2.5,,2.5,,2.5,,2.5,,2.4,,2.3,,2.3,,2.6,,2.2,,2.3,,2.4,,2.3,,2.3,,2.3,,2.5,,2.6,,2.7,,3.0,,3.1,,3.1,,3.5,,3.5,,3.4,,3.7,,4.0,,4.1,,4.0,,4.3,,4.4,,4.3,,4.4,,4.4,,4.4,,4.6,,4.7,,4.6,,4.6,,4.8,,4.9,,4.8,,5.1,,5.5,,5.7,,5.7,
United Kingdom,K02000001,Index,,.,,.,,.,,.,,.,,.,,.,,.,,.,,.,,.,,.,,.,,.,,.,,.,,.,,.,,.,,.,,.,,.,,.,,.,,.,,.,,.,,.,,.,,.,,.,,.,,.,,.,,.,,.,,.,,.,,.,,.,,.,,.,,.,,.,,.,,.,,.,,.,,.,,.,,.,,.,,.,,.,,.,,.,,.,,.,,.,,.,,.,,.,,.,,.,,.,,.,,.,,.,,.,,.,,.,,.,,.,,.,,.,,.,,.,,.,,.,,.,,.,,.,,.,,.,,.,,.,,.,,.,,.,,.,,.,,.,,.,,.,,.,,.,,.,,.,,.,,.,,.,,.,,.,,.,,.,,.,,.,,.,,.,,.,,.,,.,,.,,.,,.,,.,,.,,.,,.,,.,100.0,,100.2,,100.3,,100.6,,100.9,,101.0,,101.2,,101.5,,101.7,,101.8,,102.1,,102.2,,102.6,,102.7,,102.9,,103.2,,103.4,,103.4,,103.6,,103.8,,104.0,,104.2,,104.4,,104.6,,104.8,,104.9,,104.9,,105.1,,105.2,,105.3,,105.4,,105.5,,105.6,,105.7,,105.8,,105.9,,106.0,,106.0,,106.1,,106.1,,106.2,,106.3,,106.4,,106.5,,106.6,,106.7,,106.8,,107.0,,107.1,,107.2,,107.3,,107.4,,107.6,,107.7,,107.8,,107.9,,108.0,,108.1,,108.3,,108.5,,108.6,,108.7,,108.8,,109.0,,109.2,,109.3,,109.3,,109.5,,109.6,,109.7,,109.8,,110.0,,110.0,,110.1,,110.2,,110.3,,110.4,,110.6,,110.7,,110.9,,111.1,,111.4,,111.7,,112.0,,112.3,,112.5,,112.8,,113.2,,113.6,,113.9,,114.3,,114.7,,115.2,,115.6,,116.2,,116.7,,117.3,,117.7,,118.1,,118.7,,119.2,,119.8,,120.4,,121.1,,121.8,,122.7,,123.4,,123.9,
United Kingdom,K02000001,Year-on-year change,,.,,.,,.,,.,,.,,.,,.,,.,,.,,.,,.,,.,,.,,.,,.,,.,,.,,.,,.,,.,,.,,.,,.,,.,,.,,.,,.,,.,,.,,.,,.,,.,,.,,.,,.,,.,,.,,.,,.,,.,,.,,.,,.,,.,,.,,.,,.,,.,,.,,.,,.,,.,,.,,.,,.,,.,,.,,.,,.,,.,,.,,.,,.,,.,,.,,.,,.,,.,,.,,.,,.,,.,,.,,.,,.,,.,,.,,.,,.,,.,,.,,.,,.,,.,,.,,.,,.,,.,,.,,.,,.,,.,,.,,.,,.,,.,,.,,.,,.,,.,,.,,.,,.,,.,,.,,.,,.,,.,,.,,.,,.,,.,,.,,.,,.,,.,,.,,.,,.,,.,,.,,.,,.,,.,,.,,.,,.,,.,,.,,.,,.,,.,2.6,,2.6,,2.6,,2.6,,2.5,,2.4,,2.4,,2.3,,2.3,,2.3,,2.3,,2.3,,2.2,,2.1,,1.9,,1.8,,1.8,,1.8,,1.8,,1.6,,1.6,,1.5,,1.4,,1.2,,1.1,,1.1,,1.1,,1.0,,1.0,,1.0,,0.9,,0.9,,0.9,,0.9,,0.9,,1.0,,1.0,,1.1,,1.2,,1.2,,1.3,,1.3,,1.3,,1.3,,1.3,,1.3,,1.4,,1.4,,1.5,,1.4,,1.4,,1.5,,1.5,,1.5,,1.4,,1.5,,1.5,,1.4,,1.4,,1.4,,1.3,,1.3,,1.3,,1.2,,1.2,,1.2,,1.3,,1.3,,1.4,,1.6,,1.7,,1.9,,2.1,,2.2,,2.3,,2.6,,2.8,,3.0,,3.3,,3.5,,3.7,,3.8,,4.0,,4.2,,4.4,,4.6,,4.8,,4.9,,5.0,,5.2,,5.3,,5.6,,5.7,,6.1,,6.2,,6.2,
Wales,W92000004,Index,,.,,.,,.,,.,,.,,.,,.,,.,,.,,.,,.,,.,,.,,.,,.,,.,,.,,.,,.,,.,,.,,.,,.,,.,,.,,.,,.,,.,,.,,.,,.,,.,,.,,.,,.,,.,,.,,.,,.,,.,,.,,.,,.,,.,,.,,.,,.,,.,96.8,,96.8,,96.8,,96.8,,96.8,,96.8,,96.9,,97.0,,96.9,,96.8,,96.9,,96.7,,96.6,,96.5,,96.5,,96.4,,96.4,,96.3,,96.4,,96.5,,96.6,,96.6,,96.8,,96.8,,97.0,,97.1,,97.4,,97.4,,97.4,,97.5,,97.7,,97.8,,97.8,,98.1,,98.2,,98.3,,98.3,,98.4,,98.4,,98.0,,98.1,,98.1,,98.2,,98.4,,98.6,,98.6,,98.7,,98.7,,98.9,,98.8,,98.8,,98.9,,98.9,,99.0,,99.1,,99.1,,99.0,,99.0,,99.3,,99.3,,99.4,,99.4,,99.3,,99.3,,99.3,,99.4,,99.5,,99.5,,99.6,,99.7,,99.5,,99.5,,100.0,,100.1,,100.1,,100.1,,100.2,,100.2,,100.2,,100.1,,100.1,,100.1,,100.3,,100.2,,100.3,,100.2,,100.3,,100.3,,100.2,,100.2,,100.2,,100.2,,100.2,,100.4,,100.6,,100.6,,100.7,,100.8,,100.9,,101.0,,101.1,,101.3,,101.5,,101.6,,101.6,,102.0,,102.0,,102.2,,102.1,,102.1,,102.2,,102.3,,102.3,,102.4,,102.5,,102.6,,102.7,,102.7,,102.9,,103.1,,103.1,,103.3,,103.3,,103.4,,103.5,,103.5,,103.6,,103.8,,103.9,,103.9,,104.0,,104.3,,104.4,,104.5,,104.6,,104.5,,104.7,,104.9,,105.3,,105.3,,105.4,,105.6,,105.7,,105.8,,106.1,,106.1,,106.1,,106.1,,106.3,,106.5,,106.4,,106.5,,106.7,,106.8,,107.3,,107.4,,107.5,,107.6,,107.8,,108.0,,108.3,,108.5,,108.7,,109.2,,109.6,,110.2,,110.7,,111.2,,111.7,,112.1,,112.5,,113.2,,113.7,,114.8,,115.7,,116.2,,117.1,,117.8,,118.8,,119.2,
Wales,W92000004,Year-on-year change,,.,,.,,.,,.,,.,,.,,.,,.,,.,,.,,.,,.,,.,,.,,.,,.,,.,,.,,.,,.,,.,,.,,.,,.,,.,,.,,.,,.,,.,,.,,.,,.,,.,,.,,.,,.,,.,,.,,.,,.,,.,,.,,.,,.,,.,,.,,.,,.,,.,,.,,.,,.,,.,,.,,.,,.,,.,,.,,.,,.,-0.1,,-0.2,,-0.3,,-0.4,,-0.4,,-0.6,,-0.5,,-0.5,,-0.4,,-0.2,,-0.2,,0.1,,0.4,,0.6,,0.9,,1.0,,1.0,,1.3,,1.3,,1.4,,1.3,,1.5,,1.5,,1.5,,1.3,,1.3,,1.0,,0.7,,0.7,,0.6,,0.6,,0.6,,0.8,,0.6,,0.5,,0.5,,0.6,,0.4,,0.4,,0.9,,0.9,,0.9,,0.9,,0.7,,0.4,,0.4,,0.6,,0.5,,0.5,,0.6,,0.6,,0.4,,0.4,,0.4,,0.4,,0.4,,0.6,,0.6,,0.3,,0.2,,0.6,,0.7,,0.8,,0.8,,0.9,,0.8,,0.8,,0.7,,0.5,,0.4,,0.7,,0.7,,0.3,,0.2,,0.2,,0.2,,0.0,,-0.1,,0.0,,0.1,,0.1,,0.4,,0.3,,0.3,,0.4,,0.5,,0.7,,0.7,,0.9,,1.1,,1.3,,1.3,,1.4,,1.5,,1.4,,1.7,,1.4,,1.4,,1.2,,1.3,,1.2,,1.1,,1.0,,1.0,,1.0,,0.7,,0.9,,0.8,,0.9,,1.1,,1.1,,1.1,,1.1,,1.1,,1.0,,1.2,,1.2,,1.2,,1.0,,1.2,,1.3,,1.2,,1.2,,1.0,,1.2,,1.4,,1.6,,1.4,,1.5,,1.6,,1.6,,1.5,,1.6,,1.5,,1.5,,1.6,,1.5,,1.5,,1.1,,1.2,,1.2,,1.2,,1.6,,1.5,,1.4,,1.4,,1.6,,1.7,,1.9,,1.9,,2.1,,2.5,,2.7,,3.2,,3.1,,3.5,,3.9,,4.2,,4.4,,4.8,,5.0,,5.8,,6.5,,6.5,,6.9,,6.9,,7.3,,7.1,
West Midlands,E12000005,Index,87.6,,87.7,,87.9,,88.1,,88.3,,88.4,,88.6,,88.9,,89.1,,89.2,,89.4,,89.9,,90.2,,90.2,,90.3,,90.5,,90.6,,90.8,,90.9,,91.1,,91.3,,91.4,,91.6,,91.9,,92.1,,92.1,,92.2,,92.2,,92.3,,92.5,,92.8,,93.1,,93.2,,93.4,,93.7,,93.8,,94.1,,94.0,,94.2,,94.4,,94.6,,94.8,,95.0,,95.1,,95.2,,95.4,,95.6,,95.8,,95.9,,96.0,,96.0,,96.1,,95.9,,95.8,,95.7,,95.5,,95.3,,95.1,,94.9,,94.8,,94.7,,94.6,,94.7,,94.6,,94.6,,94.6,,94.6,,94.8,,94.9,,95.0,,95.1,,95.1,,95.3,,95.3,,95.4,,95.5,,95.5,,95.6,,95.8,,95.9,,96.1,,96.2,,96.3,,96.4,,96.6,,96.6,,96.6,,96.7,,96.8,,96.9,,97.0,,96.9,,97.2,,97.4,,97.5,,97.7,,97.8,,97.9,,97.9,,97.9,,97.9,,98.0,,98.0,,98.0,,98.0,,98.0,,98.2,,98.5,,98.8,,98.8,,98.9,,99.0,,99.1,,99.1,,99.3,,99.2,,99.3,,99.4,,99.7,,99.8,,100.0,,100.1,,100.2,,100.4,,100.6,,100.8,,101.0,,101.1,,101.2,,101.3,,101.4,,101.6,,101.8,,101.9,,102.1,,102.2,,102.3,,102.4,,102.5,,102.9,,103.1,,103.5,,103.6,,103.8,,104.0,,104.2,,104.2,,104.5,,104.5,,104.7,,104.8,,105.0,,105.1,,105.2,,105.5,,105.6,,105.8,,105.9,,106.1,,106.2,,106.3,,106.4,,106.5,,106.7,,106.9,,107.1,,107.4,,107.6,,107.6,,107.8,,107.8,,108.0,,107.8,,108.0,,108.1,,108.3,,108.4,,108.6,,108.8,,109.0,,109.4,,109.5,,109.5,,109.9,,110.1,,110.2,,110.4,,110.6,,110.9,,111.1,,111.3,,111.4,,111.4,,111.5,,111.6,,112.2,,112.5,,112.9,,113.0,,113.1,,113.4,,113.6,,114.1,,114.5,,114.9,,115.1,,115.3,,115.6,,116.0,,116.4,,116.7,,117.0,,117.6,,118.0,,118.4,,119.0,,119.4,,119.7,,120.2,,120.9,,122.0,,122.7,,123.1,,123.7,,124.3,,124.9,,125.5,,125.8,
West Midlands,E12000005,Year-on-year change,,.,,.,,.,,.,,.,,.,,.,,.,,.,,.,,.,,.,2.9,,2.9,,2.8,,2.7,,2.7,,2.6,,2.6,,2.5,,2.5,,2.5,,2.5,,2.2,,2.1,,2.0,,2.0,,1.9,,1.9,,1.9,,2.1,,2.2,,2.1,,2.1,,2.3,,2.1,,2.2,,2.2,,2.2,,2.4,,2.4,,2.5,,2.3,,2.1,,2.1,,2.2,,2.1,,2.2,,1.9,,2.1,,1.9,,1.7,,1.5,,1.1,,0.7,,0.5,,0.2,,-0.3,,-0.8,,-1.1,,-1.3,,-1.4,,-1.4,,-1.5,,-1.4,,-1.2,,-1.1,,-0.8,,-0.5,,-0.1,,0.2,,0.4,,0.6,,0.7,,0.8,,0.9,,1.0,,1.0,,1.2,,1.2,,1.3,,1.3,,1.3,,1.3,,1.3,,1.4,,1.3,,1.3,,1.3,,1.3,,1.3,,1.1,,1.1,,1.2,,1.2,,1.3,,1.3,,1.3,,1.3,,1.3,,1.1,,1.1,,1.0,,1.1,,0.9,,0.7,,0.7,,0.9,,1.0,,1.0,,1.1,,1.2,,1.2,,1.2,,1.3,,1.2,,1.3,,1.4,,1.5,,1.3,,1.2,,1.3,,1.3,,1.3,,1.6,,1.7,,1.7,,1.9,,1.9,,1.9,,1.8,,1.8,,1.8,,1.8,,1.9,,1.9,,1.7,,1.6,,1.5,,1.8,,1.9,,2.1,,2.2,,2.2,,2.2,,2.2,,2.0,,2.2,,2.1,,2.2,,2.2,,2.0,,1.9,,1.7,,1.8,,1.8,,1.7,,1.7,,1.8,,1.7,,1.7,,1.7,,1.6,,1.6,,1.7,,1.8,,1.8,,1.8,,1.8,,1.8,,1.6,,1.6,,1.4,,1.5,,1.6,,1.5,,1.5,,1.4,,1.3,,1.3,,1.6,,1.5,,1.6,,1.7,,2.2,,2.1,,2.1,,2.1,,2.3,,2.3,,2.2,,2.2,,1.8,,1.9,,1.9,,2.1,,2.2,,2.4,,2.3,,2.3,,2.2,,2.2,,2.6,,2.9,,3.1,,3.3,,3.3,,3.0,,3.1,,3.1,,3.3,,3.4,,3.7,,3.9,,3.8,,3.9,,3.9,,4.0,,4.3,,4.6,,5.2,,5.4,,5.5,,5.8,,5.7,,5.9,,6.0,,5.8,
Yorkshire and The Humber,E12000003,Index,84.9,,85.3,,85.4,,85.6,,85.7,,86.0,,86.2,,86.4,,86.7,,87.0,,87.0,,87.3,,87.7,,87.9,,88.2,,88.2,,88.5,,88.6,,88.9,,89.5,,89.6,,89.5,,89.8,,90.4,,90.8,,90.9,,90.9,,91.0,,91.3,,91.7,,91.6,,92.2,,92.5,,92.7,,93.3,,93.6,,93.8,,94.0,,94.1,,94.2,,94.4,,94.5,,94.6,,94.8,,94.8,,94.9,,95.0,,95.3,,95.5,,95.6,,95.7,,95.7,,95.9,,96.0,,96.1,,96.0,,96.0,,96.1,,95.9,,95.8,,95.8,,95.9,,95.9,,96.0,,95.9,,96.0,,96.2,,96.2,,96.4,,96.5,,96.6,,96.7,,97.0,,97.0,,97.1,,97.0,,97.2,,97.2,,97.2,,97.3,,97.4,,97.5,,97.6,,97.8,,97.8,,97.8,,97.9,,97.9,,98.0,,98.0,,98.2,,98.3,,98.5,,98.8,,98.7,,98.8,,99.0,,99.0,,99.0,,99.0,,99.1,,99.2,,99.1,,99.3,,99.3,,99.4,,99.4,,99.5,,99.6,,99.6,,99.7,,99.6,,99.5,,99.5,,99.6,,99.7,,99.8,,99.7,,99.8,,100.0,,100.0,,100.0,,100.0,,100.1,,100.2,,100.2,,100.4,,100.6,,100.6,,100.7,,100.8,,100.8,,101.2,,101.3,,101.3,,101.4,,101.4,,101.5,,101.7,,102.0,,102.1,,102.2,,102.3,,102.5,,102.7,,102.8,,102.9,,103.1,,103.2,,103.2,,103.4,,103.7,,103.8,,103.9,,103.9,,104.0,,104.1,,104.3,,104.3,,104.4,,104.5,,104.7,,104.8,,105.1,,105.4,,105.5,,105.7,,105.8,,106.0,,106.2,,106.3,,106.3,,106.4,,106.6,,106.7,,106.8,,107.3,,107.4,,107.8,,107.8,,108.2,,108.2,,108.4,,108.5,,108.8,,108.9,,109.0,,109.0,,109.2,,109.7,,109.6,,109.6,,109.7,,109.9,,110.1,,110.3,,110.5,,110.7,,110.8,,111.0,,111.2,,111.5,,112.0,,112.5,,112.9,,113.2,,113.4,,113.8,,114.0,,114.2,,114.6,,115.1,,115.7,,116.1,,116.5,,117.2,,118.0,,118.3,,118.9,,119.4,,119.8,,120.2,,120.8,,121.2,,122.0,,122.9,,123.8,,124.2,
Yorkshire and The Humber,E12000003,Year-on-year change,,.,,.,,.,,.,,.,,.,,.,,.,,.,,.,,.,,.,3.2,,3.1,,3.3,,3.1,,3.2,,3.0,,3.1,,3.5,,3.3,,2.9,,3.2,,3.6,,3.5,,3.4,,3.1,,3.2,,3.2,,3.5,,3.1,,3.1,,3.2,,3.5,,3.8,,3.5,,3.4,,3.4,,3.5,,3.5,,3.4,,3.0,,3.3,,2.8,,2.5,,2.4,,1.9,,1.9,,1.8,,1.7,,1.7,,1.6,,1.5,,1.6,,1.6,,1.3,,1.3,,1.2,,1.0,,0.4,,0.3,,0.3,,0.3,,0.3,,0.1,,0.0,,0.1,,0.2,,0.4,,0.4,,0.7,,0.9,,1.2,,1.2,,1.2,,1.1,,1.3,,1.2,,1.1,,1.1,,1.1,,1.0,,1.1,,1.1,,0.8,,0.9,,0.8,,0.9,,0.8,,0.9,,1.0,,1.1,,1.1,,1.3,,1.2,,1.1,,1.2,,1.2,,1.1,,1.1,,1.1,,1.2,,1.0,,1.0,,0.8,,0.6,,0.7,,0.7,,0.7,,0.6,,0.7,,0.7,,0.4,,0.4,,0.5,,0.5,,0.5,,0.3,,0.4,,0.5,,0.4,,0.4,,0.4,,0.5,,0.7,,0.7,,0.8,,0.9,,0.9,,1.0,,0.9,,0.8,,1.2,,1.3,,1.2,,1.3,,1.2,,1.3,,1.3,,1.3,,1.5,,1.5,,1.6,,1.8,,1.5,,1.5,,1.6,,1.7,,1.7,,1.7,,1.6,,1.7,,1.6,,1.7,,1.6,,1.4,,1.3,,1.4,,1.4,,1.2,,1.3,,1.5,,1.4,,1.3,,1.6,,1.5,,1.7,,1.8,,1.9,,1.8,,1.8,,1.8,,1.8,,1.8,,1.9,,1.6,,1.8,,1.8,,1.9,,1.9,,2.0,,1.9,,2.0,,2.0,,2.2,,2.1,,2.1,,2.1,,1.7,,2.1,,1.7,,1.6,,1.4,,1.6,,1.6,,1.7,,1.6,,1.7,,1.7,,1.8,,1.9,,1.7,,2.2,,2.6,,2.9,,2.9,,3.0,,3.2,,3.2,,3.2,,3.4,,3.7,,4.0,,4.1,,4.1,,4.2,,4.5,,4.5,,4.8,,5.0,,5.1,,5.3,,5.5,,5.3,,5.4,,5.9,,6.2,,6.0,
